Forecast_Timestamp,Horizon,Predicted_Demand
2010-11-25 22:00:00,1,1.3192315895416198
2010-11-25 23:00:00,2,0.7334281507999163
2010-11-26 00:00:00,3,0.498152040762832
2010-11-26 01:00:00,4,0.43694164990266127
2010-11-26 02:00:00,5,0.4578033639136677
2010-11-26 03:00:00,6,0.4270056984361048
2010-11-26 04:00:00,7,0.4221949461037882
2010-11-26 05:00:00,8,0.4591433510994249
2010-11-26 06:00:00,9,1.155589849943999
2010-11-26 07:00:00,10,2.049225400337005
2010-11-26 08:00:00,11,1.8602406343649953
2010-11-26 09:00:00,12,1.4566237651714775
2010-11-26 10:00:00,13,1.4940721458173265
2010-11-26 11:00:00,14,1.578131778422624
2010-11-26 12:00:00,15,1.6165899323137896
2010-11-26 13:00:00,16,1.6168151657095913
2010-11-26 14:00:00,17,1.4892478075621542
2010-11-26 15:00:00,18,1.2833509432173724
2010-11-26 16:00:00,19,1.129139115348057
2010-11-26 17:00:00,20,1.4770645981401767
2010-11-26 18:00:00,21,1.9249389366099559
2010-11-26 19:00:00,22,2.225323690121559
2010-11-26 20:00:00,23,2.2444862497384066
2010-11-26 21:00:00,24,1.9807018281643896
